/E-n101-k14; WCK50index0.txt;AlgConstGRASP_POindex20.txt;8;14;1.0; WCK50index0.txt;AlgConstGRASP_PRindex40.txt;8;11;0.9090909090909091; WCK50index0.txt;VNS_ref_MultiAlgConstGRASP_POindex20.txt;8;14;1.0; WCK50index0.txt;VNS_ref_MultiAlgConstGRASP_PRindex40.txt;8;11;0.9090909090909091; WCK50index0.txt;VNS_ref_MultiAlgConstWCK_Multi_LSindex0.txt;8;8;0.0;AlgConstGRASP_POindex20.txt; WCK50index0.txt;14;8;0.0;AlgConstGRASP_POindex20.txt;AlgConstGRASP_PRindex40.txt;14;11;0.0;AlgConstGRASP_POindex20.txt;VNS_ref_MultiAlgConstGRASP_POindex20.txt;14;14;0.0;AlgConstGRASP_POindex20.txt;VNS_ref_MultiAlgConstGRASP_PRindex40.txt;14;11;0.0;AlgConstGRASP_POindex20.txt;VNS_ref_MultiAlgConstWCK_Multi_LSindex0.txt;14;8;0.0;AlgConstGRASP_PRindex40.txt; WCK50index0.txt;11;8;0.0;AlgConstGRASP_PRindex40.txt;AlgConstGRASP_POindex20.txt;11;14;0.7857142857142857;AlgConstGRASP_PRindex40.txt;VNS_ref_MultiAlgConstGRASP_POindex20.txt;11;14;0.7857142857142857;AlgConstGRASP_PRindex40.txt;VNS_ref_MultiAlgConstGRASP_PRindex40.txt;11;11;0.0;AlgConstGRASP_PRindex40.txt;VNS_ref_MultiAlgConstWCK_Multi_LSindex0.txt;11;8;0.0;VNS_ref_MultiAlgConstGRASP_POindex20.txt; WCK50index0.txt;14;8;0.0;VNS_ref_MultiAlgConstGRASP_POindex20.txt;AlgConstGRASP_POindex20.txt;14;14;0.0;VNS_ref_MultiAlgConstGRASP_POindex20.txt;AlgConstGRASP_PRindex40.txt;14;11;0.0;VNS_ref_MultiAlgConstGRASP_POindex20.txt;VNS_ref_MultiAlgConstGRASP_PRindex40.txt;14;11;0.0;VNS_ref_MultiAlgConstGRASP_POindex20.txt;VNS_ref_MultiAlgConstWCK_Multi_LSindex0.txt;14;8;0.0;VNS_ref_MultiAlgConstGRASP_PRindex40.txt; WCK50index0.txt;11;8;0.0;VNS_ref_MultiAlgConstGRASP_PRindex40.txt;AlgConstGRASP_POindex20.txt;11;14;0.7857142857142857;VNS_ref_MultiAlgConstGRASP_PRindex40.txt;AlgConstGRASP_PRindex40.txt;11;11;0.0;VNS_ref_MultiAlgConstGRASP_PRindex40.txt;VNS_ref_MultiAlgConstGRASP_POindex20.txt;11;14;0.7857142857142857;VNS_ref_MultiAlgConstGRASP_PRindex40.txt;VNS_ref_MultiAlgConstWCK_Multi_LSindex0.txt;11;8;0.0;VNS_ref_MultiAlgConstWCK_Multi_LSindex0.txt; WCK50index0.txt;8;8;0.0;VNS_ref_MultiAlgConstWCK_Multi_LSindex0.txt;AlgConstGRASP_POindex20.txt;8;14;1.0;VNS_ref_MultiAlgConstWCK_Multi_LSindex0.txt;AlgConstGRASP_PRindex40.txt;8;11;0.9090909090909091;VNS_ref_MultiAlgConstWCK_Multi_LSindex0.txt;VNS_ref_MultiAlgConstGRASP_POindex20.txt;8;14;1.0;VNS_ref_MultiAlgConstWCK_Multi_LSindex0.txt;VNS_ref_MultiAlgConstGRASP_PRindex40.txt;8;11;0.9090909090909091;
/E-n101-k8; WCK50index1.txt;AlgConstGRASP_POindex21.txt;5;8;1.0; WCK50index1.txt;AlgConstGRASP_PRindex41.txt;5;8;1.0; WCK50index1.txt;VNS_ref_MultiAlgConstGRASP_POindex21.txt;5;9;1.0; WCK50index1.txt;VNS_ref_MultiAlgConstGRASP_PRindex41.txt;5;8;1.0; WCK50index1.txt;VNS_ref_MultiAlgConstWCK_Multi_LSindex1.txt;5;5;0.0;AlgConstGRASP_POindex21.txt; WCK50index1.txt;8;5;0.0;AlgConstGRASP_POindex21.txt;AlgConstGRASP_PRindex41.txt;8;8;0.875;AlgConstGRASP_POindex21.txt;VNS_ref_MultiAlgConstGRASP_POindex21.txt;8;9;0.0;AlgConstGRASP_POindex21.txt;VNS_ref_MultiAlgConstGRASP_PRindex41.txt;8;8;0.875;AlgConstGRASP_POindex21.txt;VNS_ref_MultiAlgConstWCK_Multi_LSindex1.txt;8;5;0.0;AlgConstGRASP_PRindex41.txt; WCK50index1.txt;8;5;0.0;AlgConstGRASP_PRindex41.txt;AlgConstGRASP_POindex21.txt;8;8;0.0;AlgConstGRASP_PRindex41.txt;VNS_ref_MultiAlgConstGRASP_POindex21.txt;8;9;0.0;AlgConstGRASP_PRindex41.txt;VNS_ref_MultiAlgConstGRASP_PRindex41.txt;8;8;0.0;AlgConstGRASP_PRindex41.txt;VNS_ref_MultiAlgConstWCK_Multi_LSindex1.txt;8;5;0.0;VNS_ref_MultiAlgConstGRASP_POindex21.txt; WCK50index1.txt;9;5;0.0;VNS_ref_MultiAlgConstGRASP_POindex21.txt;AlgConstGRASP_POindex21.txt;9;8;0.0;VNS_ref_MultiAlgConstGRASP_POindex21.txt;AlgConstGRASP_PRindex41.txt;9;8;0.875;VNS_ref_MultiAlgConstGRASP_POindex21.txt;VNS_ref_MultiAlgConstGRASP_PRindex41.txt;9;8;0.875;VNS_ref_MultiAlgConstGRASP_POindex21.txt;VNS_ref_MultiAlgConstWCK_Multi_LSindex1.txt;9;5;0.0;VNS_ref_MultiAlgConstGRASP_PRindex41.txt; WCK50index1.txt;8;5;0.0;VNS_ref_MultiAlgConstGRASP_PRindex41.txt;AlgConstGRASP_POindex21.txt;8;8;0.0;VNS_ref_MultiAlgConstGRASP_PRindex41.txt;AlgConstGRASP_PRindex41.txt;8;8;0.0;VNS_ref_MultiAlgConstGRASP_PRindex41.txt;VNS_ref_MultiAlgConstGRASP_POindex21.txt;8;9;0.0;VNS_ref_MultiAlgConstGRASP_PRindex41.txt;VNS_ref_MultiAlgConstWCK_Multi_LSindex1.txt;8;5;0.0;VNS_ref_MultiAlgConstWCK_Multi_LSindex1.txt; WCK50index1.txt;5;5;0.0;VNS_ref_MultiAlgConstWCK_Multi_LSindex1.txt;AlgConstGRASP_POindex21.txt;5;8;1.0;VNS_ref_MultiAlgConstWCK_Multi_LSindex1.txt;AlgConstGRASP_PRindex41.txt;5;8;1.0;VNS_ref_MultiAlgConstWCK_Multi_LSindex1.txt;VNS_ref_MultiAlgConstGRASP_POindex21.txt;5;9;1.0;VNS_ref_MultiAlgConstWCK_Multi_LSindex1.txt;VNS_ref_MultiAlgConstGRASP_PRindex41.txt;5;8;1.0;
/E-n51-k5; WCK50index2.txt;AlgConstGRASP_POindex22.txt;8;3;1.0; WCK50index2.txt;AlgConstGRASP_PRindex42.txt;8;1;1.0; WCK50index2.txt;VNS_ref_MultiAlgConstGRASP_POindex22.txt;8;3;1.0; WCK50index2.txt;VNS_ref_MultiAlgConstGRASP_PRindex42.txt;8;1;1.0; WCK50index2.txt;VNS_ref_MultiAlgConstWCK_Multi_LSindex2.txt;8;8;0.0;AlgConstGRASP_POindex22.txt; WCK50index2.txt;3;8;0.0;AlgConstGRASP_POindex22.txt;AlgConstGRASP_PRindex42.txt;3;1;0.0;AlgConstGRASP_POindex22.txt;VNS_ref_MultiAlgConstGRASP_POindex22.txt;3;3;0.0;AlgConstGRASP_POindex22.txt;VNS_ref_MultiAlgConstGRASP_PRindex42.txt;3;1;0.0;AlgConstGRASP_POindex22.txt;VNS_ref_MultiAlgConstWCK_Multi_LSindex2.txt;3;8;0.0;AlgConstGRASP_PRindex42.txt; WCK50index2.txt;1;8;0.0;AlgConstGRASP_PRindex42.txt;AlgConstGRASP_POindex22.txt;1;3;0.6666666666666666;AlgConstGRASP_PRindex42.txt;VNS_ref_MultiAlgConstGRASP_POindex22.txt;1;3;0.6666666666666666;AlgConstGRASP_PRindex42.txt;VNS_ref_MultiAlgConstGRASP_PRindex42.txt;1;1;0.0;AlgConstGRASP_PRindex42.txt;VNS_ref_MultiAlgConstWCK_Multi_LSindex2.txt;1;8;0.0;VNS_ref_MultiAlgConstGRASP_POindex22.txt; WCK50index2.txt;3;8;0.0;VNS_ref_MultiAlgConstGRASP_POindex22.txt;AlgConstGRASP_POindex22.txt;3;3;0.3333333333333333;VNS_ref_MultiAlgConstGRASP_POindex22.txt;AlgConstGRASP_PRindex42.txt;3;1;0.0;VNS_ref_MultiAlgConstGRASP_POindex22.txt;VNS_ref_MultiAlgConstGRASP_PRindex42.txt;3;1;0.0;VNS_ref_MultiAlgConstGRASP_POindex22.txt;VNS_ref_MultiAlgConstWCK_Multi_LSindex2.txt;3;8;0.0;VNS_ref_MultiAlgConstGRASP_PRindex42.txt; WCK50index2.txt;1;8;0.0;VNS_ref_MultiAlgConstGRASP_PRindex42.txt;AlgConstGRASP_POindex22.txt;1;3;0.6666666666666666;VNS_ref_MultiAlgConstGRASP_PRindex42.txt;AlgConstGRASP_PRindex42.txt;1;1;0.0;VNS_ref_MultiAlgConstGRASP_PRindex42.txt;VNS_ref_MultiAlgConstGRASP_POindex22.txt;1;3;0.6666666666666666;VNS_ref_MultiAlgConstGRASP_PRindex42.txt;VNS_ref_MultiAlgConstWCK_Multi_LSindex2.txt;1;8;0.0;VNS_ref_MultiAlgConstWCK_Multi_LSindex2.txt; WCK50index2.txt;8;8;0.375;VNS_ref_MultiAlgConstWCK_Multi_LSindex2.txt;AlgConstGRASP_POindex22.txt;8;3;1.0;VNS_ref_MultiAlgConstWCK_Multi_LSindex2.txt;AlgConstGRASP_PRindex42.txt;8;1;1.0;VNS_ref_MultiAlgConstWCK_Multi_LSindex2.txt;VNS_ref_MultiAlgConstGRASP_POindex22.txt;8;3;1.0;VNS_ref_MultiAlgConstWCK_Multi_LSindex2.txt;VNS_ref_MultiAlgConstGRASP_PRindex42.txt;8;1;1.0;
/E-n76-k10; WCK50index3.txt;AlgConstGRASP_POindex23.txt;5;7;1.0; WCK50index3.txt;AlgConstGRASP_PRindex43.txt;5;4;1.0; WCK50index3.txt;VNS_ref_MultiAlgConstGRASP_POindex23.txt;5;7;1.0; WCK50index3.txt;VNS_ref_MultiAlgConstGRASP_PRindex43.txt;5;4;1.0; WCK50index3.txt;VNS_ref_MultiAlgConstWCK_Multi_LSindex3.txt;5;5;0.0;AlgConstGRASP_POindex23.txt; WCK50index3.txt;7;5;0.0;AlgConstGRASP_POindex23.txt;AlgConstGRASP_PRindex43.txt;7;4;0.5;AlgConstGRASP_POindex23.txt;VNS_ref_MultiAlgConstGRASP_POindex23.txt;7;7;0.0;AlgConstGRASP_POindex23.txt;VNS_ref_MultiAlgConstGRASP_PRindex43.txt;7;4;0.5;AlgConstGRASP_POindex23.txt;VNS_ref_MultiAlgConstWCK_Multi_LSindex3.txt;7;5;0.0;AlgConstGRASP_PRindex43.txt; WCK50index3.txt;4;5;0.0;AlgConstGRASP_PRindex43.txt;AlgConstGRASP_POindex23.txt;4;7;0.0;AlgConstGRASP_PRindex43.txt;VNS_ref_MultiAlgConstGRASP_POindex23.txt;4;7;0.0;AlgConstGRASP_PRindex43.txt;VNS_ref_MultiAlgConstGRASP_PRindex43.txt;4;4;0.0;AlgConstGRASP_PRindex43.txt;VNS_ref_MultiAlgConstWCK_Multi_LSindex3.txt;4;5;0.0;VNS_ref_MultiAlgConstGRASP_POindex23.txt; WCK50index3.txt;7;5;0.0;VNS_ref_MultiAlgConstGRASP_POindex23.txt;AlgConstGRASP_POindex23.txt;7;7;0.0;VNS_ref_MultiAlgConstGRASP_POindex23.txt;AlgConstGRASP_PRindex43.txt;7;4;0.5;VNS_ref_MultiAlgConstGRASP_POindex23.txt;VNS_ref_MultiAlgConstGRASP_PRindex43.txt;7;4;0.5;VNS_ref_MultiAlgConstGRASP_POindex23.txt;VNS_ref_MultiAlgConstWCK_Multi_LSindex3.txt;7;5;0.0;VNS_ref_MultiAlgConstGRASP_PRindex43.txt; WCK50index3.txt;4;5;0.0;VNS_ref_MultiAlgConstGRASP_PRindex43.txt;AlgConstGRASP_POindex23.txt;4;7;0.0;VNS_ref_MultiAlgConstGRASP_PRindex43.txt;AlgConstGRASP_PRindex43.txt;4;4;0.0;VNS_ref_MultiAlgConstGRASP_PRindex43.txt;VNS_ref_MultiAlgConstGRASP_POindex23.txt;4;7;0.0;VNS_ref_MultiAlgConstGRASP_PRindex43.txt;VNS_ref_MultiAlgConstWCK_Multi_LSindex3.txt;4;5;0.0;VNS_ref_MultiAlgConstWCK_Multi_LSindex3.txt; WCK50index3.txt;5;5;0.2;VNS_ref_MultiAlgConstWCK_Multi_LSindex3.txt;AlgConstGRASP_POindex23.txt;5;7;1.0;VNS_ref_MultiAlgConstWCK_Multi_LSindex3.txt;AlgConstGRASP_PRindex43.txt;5;4;1.0;VNS_ref_MultiAlgConstWCK_Multi_LSindex3.txt;VNS_ref_MultiAlgConstGRASP_POindex23.txt;5;7;1.0;VNS_ref_MultiAlgConstWCK_Multi_LSindex3.txt;VNS_ref_MultiAlgConstGRASP_PRindex43.txt;5;4;1.0;
/E-n76-k14; WCK50index4.txt;AlgConstGRASP_POindex24.txt;3;7;1.0; WCK50index4.txt;AlgConstGRASP_PRindex44.txt;3;2;1.0; WCK50index4.txt;VNS_ref_MultiAlgConstGRASP_POindex24.txt;3;4;1.0; WCK50index4.txt;VNS_ref_MultiAlgConstGRASP_PRindex44.txt;3;2;1.0; WCK50index4.txt;VNS_ref_MultiAlgConstWCK_Multi_LSindex4.txt;3;3;0.0;AlgConstGRASP_POindex24.txt; WCK50index4.txt;7;3;0.0;AlgConstGRASP_POindex24.txt;AlgConstGRASP_PRindex44.txt;7;2;0.0;AlgConstGRASP_POindex24.txt;VNS_ref_MultiAlgConstGRASP_POindex24.txt;7;4;0.0;AlgConstGRASP_POindex24.txt;VNS_ref_MultiAlgConstGRASP_PRindex44.txt;7;2;0.0;AlgConstGRASP_POindex24.txt;VNS_ref_MultiAlgConstWCK_Multi_LSindex4.txt;7;3;0.0;AlgConstGRASP_PRindex44.txt; WCK50index4.txt;2;3;0.0;AlgConstGRASP_PRindex44.txt;AlgConstGRASP_POindex24.txt;2;7;0.7142857142857143;AlgConstGRASP_PRindex44.txt;VNS_ref_MultiAlgConstGRASP_POindex24.txt;2;4;0.5;AlgConstGRASP_PRindex44.txt;VNS_ref_MultiAlgConstGRASP_PRindex44.txt;2;2;0.0;AlgConstGRASP_PRindex44.txt;VNS_ref_MultiAlgConstWCK_Multi_LSindex4.txt;2;3;0.0;VNS_ref_MultiAlgConstGRASP_POindex24.txt; WCK50index4.txt;4;3;0.0;VNS_ref_MultiAlgConstGRASP_POindex24.txt;AlgConstGRASP_POindex24.txt;4;7;0.42857142857142855;VNS_ref_MultiAlgConstGRASP_POindex24.txt;AlgConstGRASP_PRindex44.txt;4;2;0.0;VNS_ref_MultiAlgConstGRASP_POindex24.txt;VNS_ref_MultiAlgConstGRASP_PRindex44.txt;4;2;0.0;VNS_ref_MultiAlgConstGRASP_POindex24.txt;VNS_ref_MultiAlgConstWCK_Multi_LSindex4.txt;4;3;0.0;VNS_ref_MultiAlgConstGRASP_PRindex44.txt; WCK50index4.txt;2;3;0.0;VNS_ref_MultiAlgConstGRASP_PRindex44.txt;AlgConstGRASP_POindex24.txt;2;7;0.7142857142857143;VNS_ref_MultiAlgConstGRASP_PRindex44.txt;AlgConstGRASP_PRindex44.txt;2;2;0.0;VNS_ref_MultiAlgConstGRASP_PRindex44.txt;VNS_ref_MultiAlgConstGRASP_POindex24.txt;2;4;0.5;VNS_ref_MultiAlgConstGRASP_PRindex44.txt;VNS_ref_MultiAlgConstWCK_Multi_LSindex4.txt;2;3;0.0;VNS_ref_MultiAlgConstWCK_Multi_LSindex4.txt; WCK50index4.txt;3;3;0.0;VNS_ref_MultiAlgConstWCK_Multi_LSindex4.txt;AlgConstGRASP_POindex24.txt;3;7;1.0;VNS_ref_MultiAlgConstWCK_Multi_LSindex4.txt;AlgConstGRASP_PRindex44.txt;3;2;1.0;VNS_ref_MultiAlgConstWCK_Multi_LSindex4.txt;VNS_ref_MultiAlgConstGRASP_POindex24.txt;3;4;1.0;VNS_ref_MultiAlgConstWCK_Multi_LSindex4.txt;VNS_ref_MultiAlgConstGRASP_PRindex44.txt;3;2;1.0;
/E-n76-k7; WCK50index5.txt;AlgConstGRASP_POindex25.txt;9;6;1.0; WCK50index5.txt;AlgConstGRASP_PRindex45.txt;9;11;1.0; WCK50index5.txt;VNS_ref_MultiAlgConstGRASP_POindex25.txt;9;6;1.0; WCK50index5.txt;VNS_ref_MultiAlgConstGRASP_PRindex45.txt;9;10;1.0; WCK50index5.txt;VNS_ref_MultiAlgConstWCK_Multi_LSindex5.txt;9;10;0.0;AlgConstGRASP_POindex25.txt; WCK50index5.txt;6;9;0.0;AlgConstGRASP_POindex25.txt;AlgConstGRASP_PRindex45.txt;6;11;1.0;AlgConstGRASP_POindex25.txt;VNS_ref_MultiAlgConstGRASP_POindex25.txt;6;6;0.0;AlgConstGRASP_POindex25.txt;VNS_ref_MultiAlgConstGRASP_PRindex45.txt;6;10;1.0;AlgConstGRASP_POindex25.txt;VNS_ref_MultiAlgConstWCK_Multi_LSindex5.txt;6;10;0.0;AlgConstGRASP_PRindex45.txt; WCK50index5.txt;11;9;0.0;AlgConstGRASP_PRindex45.txt;AlgConstGRASP_POindex25.txt;11;6;0.0;AlgConstGRASP_PRindex45.txt;VNS_ref_MultiAlgConstGRASP_POindex25.txt;11;6;0.0;AlgConstGRASP_PRindex45.txt;VNS_ref_MultiAlgConstGRASP_PRindex45.txt;11;10;0.0;AlgConstGRASP_PRindex45.txt;VNS_ref_MultiAlgConstWCK_Multi_LSindex5.txt;11;10;0.0;VNS_ref_MultiAlgConstGRASP_POindex25.txt; WCK50index5.txt;6;9;0.0;VNS_ref_MultiAlgConstGRASP_POindex25.txt;AlgConstGRASP_POindex25.txt;6;6;0.0;VNS_ref_MultiAlgConstGRASP_POindex25.txt;AlgConstGRASP_PRindex45.txt;6;11;1.0;VNS_ref_MultiAlgConstGRASP_POindex25.txt;VNS_ref_MultiAlgConstGRASP_PRindex45.txt;6;10;1.0;VNS_ref_MultiAlgConstGRASP_POindex25.txt;VNS_ref_MultiAlgConstWCK_Multi_LSindex5.txt;6;10;0.0;VNS_ref_MultiAlgConstGRASP_PRindex45.txt; WCK50index5.txt;10;9;0.0;VNS_ref_MultiAlgConstGRASP_PRindex45.txt;AlgConstGRASP_POindex25.txt;10;6;0.0;VNS_ref_MultiAlgConstGRASP_PRindex45.txt;AlgConstGRASP_PRindex45.txt;10;11;0.18181818181818182;VNS_ref_MultiAlgConstGRASP_PRindex45.txt;VNS_ref_MultiAlgConstGRASP_POindex25.txt;10;6;0.0;VNS_ref_MultiAlgConstGRASP_PRindex45.txt;VNS_ref_MultiAlgConstWCK_Multi_LSindex5.txt;10;10;0.0;VNS_ref_MultiAlgConstWCK_Multi_LSindex5.txt; WCK50index5.txt;10;9;0.5555555555555556;VNS_ref_MultiAlgConstWCK_Multi_LSindex5.txt;AlgConstGRASP_POindex25.txt;10;6;1.0;VNS_ref_MultiAlgConstWCK_Multi_LSindex5.txt;AlgConstGRASP_PRindex45.txt;10;11;1.0;VNS_ref_MultiAlgConstWCK_Multi_LSindex5.txt;VNS_ref_MultiAlgConstGRASP_POindex25.txt;10;6;1.0;VNS_ref_MultiAlgConstWCK_Multi_LSindex5.txt;VNS_ref_MultiAlgConstGRASP_PRindex45.txt;10;10;1.0;
/E-n76-k8; WCK50index6.txt;AlgConstGRASP_POindex26.txt;3;7;1.0; WCK50index6.txt;AlgConstGRASP_PRindex46.txt;3;7;1.0; WCK50index6.txt;VNS_ref_MultiAlgConstGRASP_POindex26.txt;3;5;1.0; WCK50index6.txt;VNS_ref_MultiAlgConstGRASP_PRindex46.txt;3;7;1.0; WCK50index6.txt;VNS_ref_MultiAlgConstWCK_Multi_LSindex6.txt;3;3;0.0;AlgConstGRASP_POindex26.txt; WCK50index6.txt;7;3;0.0;AlgConstGRASP_POindex26.txt;AlgConstGRASP_PRindex46.txt;7;7;0.14285714285714285;AlgConstGRASP_POindex26.txt;VNS_ref_MultiAlgConstGRASP_POindex26.txt;7;5;0.0;AlgConstGRASP_POindex26.txt;VNS_ref_MultiAlgConstGRASP_PRindex46.txt;7;7;0.14285714285714285;AlgConstGRASP_POindex26.txt;VNS_ref_MultiAlgConstWCK_Multi_LSindex6.txt;7;3;0.0;AlgConstGRASP_PRindex46.txt; WCK50index6.txt;7;3;0.0;AlgConstGRASP_PRindex46.txt;AlgConstGRASP_POindex26.txt;7;7;0.5714285714285714;AlgConstGRASP_PRindex46.txt;VNS_ref_MultiAlgConstGRASP_POindex26.txt;7;5;0.4;AlgConstGRASP_PRindex46.txt;VNS_ref_MultiAlgConstGRASP_PRindex46.txt;7;7;0.0;AlgConstGRASP_PRindex46.txt;VNS_ref_MultiAlgConstWCK_Multi_LSindex6.txt;7;3;0.0;VNS_ref_MultiAlgConstGRASP_POindex26.txt; WCK50index6.txt;5;3;0.0;VNS_ref_MultiAlgConstGRASP_POindex26.txt;AlgConstGRASP_POindex26.txt;5;7;0.42857142857142855;VNS_ref_MultiAlgConstGRASP_POindex26.txt;AlgConstGRASP_PRindex46.txt;5;7;0.2857142857142857;VNS_ref_MultiAlgConstGRASP_POindex26.txt;VNS_ref_MultiAlgConstGRASP_PRindex46.txt;5;7;0.2857142857142857;VNS_ref_MultiAlgConstGRASP_POindex26.txt;VNS_ref_MultiAlgConstWCK_Multi_LSindex6.txt;5;3;0.0;VNS_ref_MultiAlgConstGRASP_PRindex46.txt; WCK50index6.txt;7;3;0.0;VNS_ref_MultiAlgConstGRASP_PRindex46.txt;AlgConstGRASP_POindex26.txt;7;7;0.5714285714285714;VNS_ref_MultiAlgConstGRASP_PRindex46.txt;AlgConstGRASP_PRindex46.txt;7;7;0.0;VNS_ref_MultiAlgConstGRASP_PRindex46.txt;VNS_ref_MultiAlgConstGRASP_POindex26.txt;7;5;0.4;VNS_ref_MultiAlgConstGRASP_PRindex46.txt;VNS_ref_MultiAlgConstWCK_Multi_LSindex6.txt;7;3;0.0;VNS_ref_MultiAlgConstWCK_Multi_LSindex6.txt; WCK50index6.txt;3;3;0.0;VNS_ref_MultiAlgConstWCK_Multi_LSindex6.txt;AlgConstGRASP_POindex26.txt;3;7;1.0;VNS_ref_MultiAlgConstWCK_Multi_LSindex6.txt;AlgConstGRASP_PRindex46.txt;3;7;1.0;VNS_ref_MultiAlgConstWCK_Multi_LSindex6.txt;VNS_ref_MultiAlgConstGRASP_POindex26.txt;3;5;1.0;VNS_ref_MultiAlgConstWCK_Multi_LSindex6.txt;VNS_ref_MultiAlgConstGRASP_PRindex46.txt;3;7;1.0;
/M-n200-k16; WCK50index7.txt;AlgConstGRASP_POindex27.txt;2;2;0.5; WCK50index7.txt;AlgConstGRASP_PRindex47.txt;2;2;0.5; WCK50index7.txt;VNS_ref_MultiAlgConstGRASP_POindex27.txt;2;2;0.5; WCK50index7.txt;VNS_ref_MultiAlgConstGRASP_PRindex47.txt;2;2;0.5; WCK50index7.txt;VNS_ref_MultiAlgConstWCK_Multi_LSindex7.txt;2;2;0.0;AlgConstGRASP_POindex27.txt; WCK50index7.txt;2;2;0.5;AlgConstGRASP_POindex27.txt;AlgConstGRASP_PRindex47.txt;2;2;1.0;AlgConstGRASP_POindex27.txt;VNS_ref_MultiAlgConstGRASP_POindex27.txt;2;2;0.0;AlgConstGRASP_POindex27.txt;VNS_ref_MultiAlgConstGRASP_PRindex47.txt;2;2;1.0;AlgConstGRASP_POindex27.txt;VNS_ref_MultiAlgConstWCK_Multi_LSindex7.txt;2;2;0.5;AlgConstGRASP_PRindex47.txt; WCK50index7.txt;2;2;0.5;AlgConstGRASP_PRindex47.txt;AlgConstGRASP_POindex27.txt;2;2;0.0;AlgConstGRASP_PRindex47.txt;VNS_ref_MultiAlgConstGRASP_POindex27.txt;2;2;0.0;AlgConstGRASP_PRindex47.txt;VNS_ref_MultiAlgConstGRASP_PRindex47.txt;2;2;0.0;AlgConstGRASP_PRindex47.txt;VNS_ref_MultiAlgConstWCK_Multi_LSindex7.txt;2;2;0.5;VNS_ref_MultiAlgConstGRASP_POindex27.txt; WCK50index7.txt;2;2;0.5;VNS_ref_MultiAlgConstGRASP_POindex27.txt;AlgConstGRASP_POindex27.txt;2;2;0.0;VNS_ref_MultiAlgConstGRASP_POindex27.txt;AlgConstGRASP_PRindex47.txt;2;2;1.0;VNS_ref_MultiAlgConstGRASP_POindex27.txt;VNS_ref_MultiAlgConstGRASP_PRindex47.txt;2;2;1.0;VNS_ref_MultiAlgConstGRASP_POindex27.txt;VNS_ref_MultiAlgConstWCK_Multi_LSindex7.txt;2;2;0.5;VNS_ref_MultiAlgConstGRASP_PRindex47.txt; WCK50index7.txt;2;2;0.5;VNS_ref_MultiAlgConstGRASP_PRindex47.txt;AlgConstGRASP_POindex27.txt;2;2;0.0;VNS_ref_MultiAlgConstGRASP_PRindex47.txt;AlgConstGRASP_PRindex47.txt;2;2;0.0;VNS_ref_MultiAlgConstGRASP_PRindex47.txt;VNS_ref_MultiAlgConstGRASP_POindex27.txt;2;2;0.0;VNS_ref_MultiAlgConstGRASP_PRindex47.txt;VNS_ref_MultiAlgConstWCK_Multi_LSindex7.txt;2;2;0.5;VNS_ref_MultiAlgConstWCK_Multi_LSindex7.txt; WCK50index7.txt;2;2;0.0;VNS_ref_MultiAlgConstWCK_Multi_LSindex7.txt;AlgConstGRASP_POindex27.txt;2;2;0.5;VNS_ref_MultiAlgConstWCK_Multi_LSindex7.txt;AlgConstGRASP_PRindex47.txt;2;2;0.5;VNS_ref_MultiAlgConstWCK_Multi_LSindex7.txt;VNS_ref_MultiAlgConstGRASP_POindex27.txt;2;2;0.5;VNS_ref_MultiAlgConstWCK_Multi_LSindex7.txt;VNS_ref_MultiAlgConstGRASP_PRindex47.txt;2;2;0.5;
/M-n200-k17; WCK50index8.txt;AlgConstGRASP_POindex28.txt;10;8;1.0; WCK50index8.txt;AlgConstGRASP_PRindex48.txt;10;9;1.0; WCK50index8.txt;VNS_ref_MultiAlgConstGRASP_POindex28.txt;10;8;1.0; WCK50index8.txt;VNS_ref_MultiAlgConstGRASP_PRindex48.txt;10;9;1.0; WCK50index8.txt;VNS_ref_MultiAlgConstWCK_Multi_LSindex8.txt;10;10;0.0;AlgConstGRASP_POindex28.txt; WCK50index8.txt;8;10;0.0;AlgConstGRASP_POindex28.txt;AlgConstGRASP_PRindex48.txt;8;9;0.8888888888888888;AlgConstGRASP_POindex28.txt;VNS_ref_MultiAlgConstGRASP_POindex28.txt;8;8;0.0;AlgConstGRASP_POindex28.txt;VNS_ref_MultiAlgConstGRASP_PRindex48.txt;8;9;0.8888888888888888;AlgConstGRASP_POindex28.txt;VNS_ref_MultiAlgConstWCK_Multi_LSindex8.txt;8;10;0.0;AlgConstGRASP_PRindex48.txt; WCK50index8.txt;9;10;0.0;AlgConstGRASP_PRindex48.txt;AlgConstGRASP_POindex28.txt;9;8;0.0;AlgConstGRASP_PRindex48.txt;VNS_ref_MultiAlgConstGRASP_POindex28.txt;9;8;0.0;AlgConstGRASP_PRindex48.txt;VNS_ref_MultiAlgConstGRASP_PRindex48.txt;9;9;0.0;AlgConstGRASP_PRindex48.txt;VNS_ref_MultiAlgConstWCK_Multi_LSindex8.txt;9;10;0.0;VNS_ref_MultiAlgConstGRASP_POindex28.txt; WCK50index8.txt;8;10;0.0;VNS_ref_MultiAlgConstGRASP_POindex28.txt;AlgConstGRASP_POindex28.txt;8;8;0.0;VNS_ref_MultiAlgConstGRASP_POindex28.txt;AlgConstGRASP_PRindex48.txt;8;9;0.8888888888888888;VNS_ref_MultiAlgConstGRASP_POindex28.txt;VNS_ref_MultiAlgConstGRASP_PRindex48.txt;8;9;0.8888888888888888;VNS_ref_MultiAlgConstGRASP_POindex28.txt;VNS_ref_MultiAlgConstWCK_Multi_LSindex8.txt;8;10;0.0;VNS_ref_MultiAlgConstGRASP_PRindex48.txt; WCK50index8.txt;9;10;0.0;VNS_ref_MultiAlgConstGRASP_PRindex48.txt;AlgConstGRASP_POindex28.txt;9;8;0.0;VNS_ref_MultiAlgConstGRASP_PRindex48.txt;AlgConstGRASP_PRindex48.txt;9;9;0.0;VNS_ref_MultiAlgConstGRASP_PRindex48.txt;VNS_ref_MultiAlgConstGRASP_POindex28.txt;9;8;0.0;VNS_ref_MultiAlgConstGRASP_PRindex48.txt;VNS_ref_MultiAlgConstWCK_Multi_LSindex8.txt;9;10;0.0;VNS_ref_MultiAlgConstWCK_Multi_LSindex8.txt; WCK50index8.txt;10;10;0.0;VNS_ref_MultiAlgConstWCK_Multi_LSindex8.txt;AlgConstGRASP_POindex28.txt;10;8;1.0;VNS_ref_MultiAlgConstWCK_Multi_LSindex8.txt;AlgConstGRASP_PRindex48.txt;10;9;1.0;VNS_ref_MultiAlgConstWCK_Multi_LSindex8.txt;VNS_ref_MultiAlgConstGRASP_POindex28.txt;10;8;1.0;VNS_ref_MultiAlgConstWCK_Multi_LSindex8.txt;VNS_ref_MultiAlgConstGRASP_PRindex48.txt;10;9;1.0;
/X-n120-k6; WCK50index9.txt;AlgConstGRASP_POindex29.txt;12;16;0.875; WCK50index9.txt;AlgConstGRASP_PRindex49.txt;12;24;0.9166666666666666; WCK50index9.txt;VNS_ref_MultiAlgConstGRASP_POindex29.txt;12;17;0.8823529411764706; WCK50index9.txt;VNS_ref_MultiAlgConstGRASP_PRindex49.txt;12;24;0.9166666666666666; WCK50index9.txt;VNS_ref_MultiAlgConstWCK_Multi_LSindex9.txt;12;12;0.0;AlgConstGRASP_POindex29.txt; WCK50index9.txt;16;12;0.0;AlgConstGRASP_POindex29.txt;AlgConstGRASP_PRindex49.txt;16;24;0.2916666666666667;AlgConstGRASP_POindex29.txt;VNS_ref_MultiAlgConstGRASP_POindex29.txt;16;17;0.0;AlgConstGRASP_POindex29.txt;VNS_ref_MultiAlgConstGRASP_PRindex49.txt;16;24;0.2916666666666667;AlgConstGRASP_POindex29.txt;VNS_ref_MultiAlgConstWCK_Multi_LSindex9.txt;16;12;0.0;AlgConstGRASP_PRindex49.txt; WCK50index9.txt;24;12;0.08333333333333333;AlgConstGRASP_PRindex49.txt;AlgConstGRASP_POindex29.txt;24;16;0.75;AlgConstGRASP_PRindex49.txt;VNS_ref_MultiAlgConstGRASP_POindex29.txt;24;17;0.7647058823529411;AlgConstGRASP_PRindex49.txt;VNS_ref_MultiAlgConstGRASP_PRindex49.txt;24;24;0.0;AlgConstGRASP_PRindex49.txt;VNS_ref_MultiAlgConstWCK_Multi_LSindex9.txt;24;12;0.08333333333333333;VNS_ref_MultiAlgConstGRASP_POindex29.txt; WCK50index9.txt;17;12;0.0;VNS_ref_MultiAlgConstGRASP_POindex29.txt;AlgConstGRASP_POindex29.txt;17;16;0.0;VNS_ref_MultiAlgConstGRASP_POindex29.txt;AlgConstGRASP_PRindex49.txt;17;24;0.2916666666666667;VNS_ref_MultiAlgConstGRASP_POindex29.txt;VNS_ref_MultiAlgConstGRASP_PRindex49.txt;17;24;0.2916666666666667;VNS_ref_MultiAlgConstGRASP_POindex29.txt;VNS_ref_MultiAlgConstWCK_Multi_LSindex9.txt;17;12;0.0;VNS_ref_MultiAlgConstGRASP_PRindex49.txt; WCK50index9.txt;24;12;0.08333333333333333;VNS_ref_MultiAlgConstGRASP_PRindex49.txt;AlgConstGRASP_POindex29.txt;24;16;0.75;VNS_ref_MultiAlgConstGRASP_PRindex49.txt;AlgConstGRASP_PRindex49.txt;24;24;0.0;VNS_ref_MultiAlgConstGRASP_PRindex49.txt;VNS_ref_MultiAlgConstGRASP_POindex29.txt;24;17;0.7647058823529411;VNS_ref_MultiAlgConstGRASP_PRindex49.txt;VNS_ref_MultiAlgConstWCK_Multi_LSindex9.txt;24;12;0.08333333333333333;VNS_ref_MultiAlgConstWCK_Multi_LSindex9.txt; WCK50index9.txt;12;12;0.0;VNS_ref_MultiAlgConstWCK_Multi_LSindex9.txt;AlgConstGRASP_POindex29.txt;12;16;0.875;VNS_ref_MultiAlgConstWCK_Multi_LSindex9.txt;AlgConstGRASP_PRindex49.txt;12;24;0.9166666666666666;VNS_ref_MultiAlgConstWCK_Multi_LSindex9.txt;VNS_ref_MultiAlgConstGRASP_POindex29.txt;12;17;0.8823529411764706;VNS_ref_MultiAlgConstWCK_Multi_LSindex9.txt;VNS_ref_MultiAlgConstGRASP_PRindex49.txt;12;24;0.9166666666666666;
/X-n143-k7; WCK50index0.txt; WCK50index10.txt;9;8;0.0; WCK50index0.txt;AlgConstGRASP_POindex1.txt;9;33;0.5151515151515151; WCK50index0.txt;AlgConstGRASP_PRindex2.txt;9;23;0.4782608695652174; WCK50index0.txt;PathRelinking_lengthAlgConstWCK_Multi_LSindex0.txt;9;15;0.0; WCK50index0.txt;VNS_ref_MultiAlgConstGRASP_POindex1.txt;9;35;0.5428571428571428; WCK50index0.txt;VNS_ref_MultiAlgConstGRASP_PRindex2.txt;9;24;0.5; WCK50index0.txt;VNS_ref_MultiAlgConstWCK_Multi_LSindex0.txt;9;12;0.0; WCK50index10.txt; WCK50index0.txt;8;9;0.0; WCK50index10.txt;AlgConstGRASP_POindex1.txt;8;33;0.5151515151515151; WCK50index10.txt;AlgConstGRASP_PRindex2.txt;8;23;0.4782608695652174; WCK50index10.txt;PathRelinking_lengthAlgConstWCK_Multi_LSindex0.txt;8;15;0.0; WCK50index10.txt;VNS_ref_MultiAlgConstGRASP_POindex1.txt;8;35;0.5428571428571428; WCK50index10.txt;VNS_ref_MultiAlgConstGRASP_PRindex2.txt;8;24;0.5; WCK50index10.txt;VNS_ref_MultiAlgConstWCK_Multi_LSindex0.txt;8;12;0.0;AlgConstGRASP_POindex1.txt; WCK50index0.txt;33;9;0.4444444444444444;AlgConstGRASP_POindex1.txt; WCK50index10.txt;33;8;0.5;AlgConstGRASP_POindex1.txt;AlgConstGRASP_PRindex2.txt;33;23;0.30434782608695654;AlgConstGRASP_POindex1.txt;PathRelinking_lengthAlgConstWCK_Multi_LSindex0.txt;33;15;0.6;AlgConstGRASP_POindex1.txt;VNS_ref_MultiAlgConstGRASP_POindex1.txt;33;35;0.0;AlgConstGRASP_POindex1.txt;VNS_ref_MultiAlgConstGRASP_PRindex2.txt;33;24;0.3333333333333333;AlgConstGRASP_POindex1.txt;VNS_ref_MultiAlgConstWCK_Multi_LSindex0.txt;33;12;0.16666666666666666;AlgConstGRASP_PRindex2.txt; WCK50index0.txt;23;9;0.4444444444444444;AlgConstGRASP_PRindex2.txt; WCK50index10.txt;23;8;0.5;AlgConstGRASP_PRindex2.txt;AlgConstGRASP_POindex1.txt;23;33;0.7272727272727273;AlgConstGRASP_PRindex2.txt;PathRelinking_lengthAlgConstWCK_Multi_LSindex0.txt;23;15;0.6;AlgConstGRASP_PRindex2.txt;VNS_ref_MultiAlgConstGRASP_POindex1.txt;23;35;0.6285714285714286;AlgConstGRASP_PRindex2.txt;VNS_ref_MultiAlgConstGRASP_PRindex2.txt;23;24;0.0;AlgConstGRASP_PRindex2.txt;VNS_ref_MultiAlgConstWCK_Multi_LSindex0.txt;23;12;0.4166666666666667;PathRelinking_lengthAlgConstWCK_Multi_LSindex0.txt; WCK50index0.txt;15;9;0.4444444444444444;PathRelinking_lengthAlgConstWCK_Multi_LSindex0.txt; WCK50index10.txt;15;8;0.375;PathRelinking_lengthAlgConstWCK_Multi_LSindex0.txt;AlgConstGRASP_POindex1.txt;15;33;0.5151515151515151;PathRelinking_lengthAlgConstWCK_Multi_LSindex0.txt;AlgConstGRASP_PRindex2.txt;15;23;0.4782608695652174;PathRelinking_lengthAlgConstWCK_Multi_LSindex0.txt;VNS_ref_MultiAlgConstGRASP_POindex1.txt;15;35;0.5428571428571428;PathRelinking_lengthAlgConstWCK_Multi_LSindex0.txt;VNS_ref_MultiAlgConstGRASP_PRindex2.txt;15;24;0.5;PathRelinking_lengthAlgConstWCK_Multi_LSindex0.txt;VNS_ref_MultiAlgConstWCK_Multi_LSindex0.txt;15;12;0.3333333333333333;VNS_ref_MultiAlgConstGRASP_POindex1.txt; WCK50index0.txt;35;9;0.4444444444444444;VNS_ref_MultiAlgConstGRASP_POindex1.txt; WCK50index10.txt;35;8;0.5;VNS_ref_MultiAlgConstGRASP_POindex1.txt;AlgConstGRASP_POindex1.txt;35;33;0.12121212121212122;VNS_ref_MultiAlgConstGRASP_POindex1.txt;AlgConstGRASP_PRindex2.txt;35;23;0.391304347826087;VNS_ref_MultiAlgConstGRASP_POindex1.txt;PathRelinking_lengthAlgConstWCK_Multi_LSindex0.txt;35;15;0.6;VNS_ref_MultiAlgConstGRASP_POindex1.txt;VNS_ref_MultiAlgConstGRASP_PRindex2.txt;35;24;0.375;VNS_ref_MultiAlgConstGRASP_POindex1.txt;VNS_ref_MultiAlgConstWCK_Multi_LSindex0.txt;35;12;0.16666666666666666;VNS_ref_MultiAlgConstGRASP_PRindex2.txt; WCK50index0.txt;24;9;0.4444444444444444;VNS_ref_MultiAlgConstGRASP_PRindex2.txt; WCK50index10.txt;24;8;0.5;VNS_ref_MultiAlgConstGRASP_PRindex2.txt;AlgConstGRASP_POindex1.txt;24;33;0.7878787878787878;VNS_ref_MultiAlgConstGRASP_PRindex2.txt;AlgConstGRASP_PRindex2.txt;24;23;0.08695652173913043;VNS_ref_MultiAlgConstGRASP_PRindex2.txt;PathRelinking_lengthAlgConstWCK_Multi_LSindex0.txt;24;15;0.6;VNS_ref_MultiAlgConstGRASP_PRindex2.txt;VNS_ref_MultiAlgConstGRASP_POindex1.txt;24;35;0.7142857142857143;VNS_ref_MultiAlgConstGRASP_PRindex2.txt;VNS_ref_MultiAlgConstWCK_Multi_LSindex0.txt;24;12;0.4166666666666667;VNS_ref_MultiAlgConstWCK_Multi_LSindex0.txt; WCK50index0.txt;12;9;0.2222222222222222;VNS_ref_MultiAlgConstWCK_Multi_LSindex0.txt; WCK50index10.txt;12;8;0.25;VNS_ref_MultiAlgConstWCK_Multi_LSindex0.txt;AlgConstGRASP_POindex1.txt;12;33;0.8181818181818182;VNS_ref_MultiAlgConstWCK_Multi_LSindex0.txt;AlgConstGRASP_PRindex2.txt;12;23;0.5217391304347826;VNS_ref_MultiAlgConstWCK_Multi_LSindex0.txt;PathRelinking_lengthAlgConstWCK_Multi_LSindex0.txt;12;15;0.06666666666666667;VNS_ref_MultiAlgConstWCK_Multi_LSindex0.txt;VNS_ref_MultiAlgConstGRASP_POindex1.txt;12;35;0.8285714285714286;VNS_ref_MultiAlgConstWCK_Multi_LSindex0.txt;VNS_ref_MultiAlgConstGRASP_PRindex2.txt;12;24;0.5416666666666666;
/X-n162-k11; WCK50index10.txt;AlgConstGRASP_POindex30.txt;6;5;0.6; WCK50index10.txt;AlgConstGRASP_PRindex50.txt;6;8;0.75; WCK50index10.txt;VNS_ref_MultiAlgConstGRASP_POindex30.txt;6;5;0.6; WCK50index10.txt;VNS_ref_MultiAlgConstGRASP_PRindex50.txt;6;8;0.75; WCK50index10.txt;VNS_ref_MultiAlgConstWCK_Multi_LSindex10.txt;6;6;0.0;AlgConstGRASP_POindex30.txt; WCK50index10.txt;5;6;0.0;AlgConstGRASP_POindex30.txt;AlgConstGRASP_PRindex50.txt;5;8;0.75;AlgConstGRASP_POindex30.txt;VNS_ref_MultiAlgConstGRASP_POindex30.txt;5;5;0.0;AlgConstGRASP_POindex30.txt;VNS_ref_MultiAlgConstGRASP_PRindex50.txt;5;8;0.75;AlgConstGRASP_POindex30.txt;VNS_ref_MultiAlgConstWCK_Multi_LSindex10.txt;5;6;0.0;AlgConstGRASP_PRindex50.txt; WCK50index10.txt;8;6;0.0;AlgConstGRASP_PRindex50.txt;AlgConstGRASP_POindex30.txt;8;5;0.0;AlgConstGRASP_PRindex50.txt;VNS_ref_MultiAlgConstGRASP_POindex30.txt;8;5;0.0;AlgConstGRASP_PRindex50.txt;VNS_ref_MultiAlgConstGRASP_PRindex50.txt;8;8;0.0;AlgConstGRASP_PRindex50.txt;VNS_ref_MultiAlgConstWCK_Multi_LSindex10.txt;8;6;0.0;VNS_ref_MultiAlgConstGRASP_POindex30.txt; WCK50index10.txt;5;6;0.0;VNS_ref_MultiAlgConstGRASP_POindex30.txt;AlgConstGRASP_POindex30.txt;5;5;0.0;VNS_ref_MultiAlgConstGRASP_POindex30.txt;AlgConstGRASP_PRindex50.txt;5;8;0.75;VNS_ref_MultiAlgConstGRASP_POindex30.txt;VNS_ref_MultiAlgConstGRASP_PRindex50.txt;5;8;0.75;VNS_ref_MultiAlgConstGRASP_POindex30.txt;VNS_ref_MultiAlgConstWCK_Multi_LSindex10.txt;5;6;0.0;VNS_ref_MultiAlgConstGRASP_PRindex50.txt; WCK50index10.txt;8;6;0.0;VNS_ref_MultiAlgConstGRASP_PRindex50.txt;AlgConstGRASP_POindex30.txt;8;5;0.0;VNS_ref_MultiAlgConstGRASP_PRindex50.txt;AlgConstGRASP_PRindex50.txt;8;8;0.0;VNS_ref_MultiAlgConstGRASP_PRindex50.txt;VNS_ref_MultiAlgConstGRASP_POindex30.txt;8;5;0.0;VNS_ref_MultiAlgConstGRASP_PRindex50.txt;VNS_ref_MultiAlgConstWCK_Multi_LSindex10.txt;8;6;0.0;VNS_ref_MultiAlgConstWCK_Multi_LSindex10.txt; WCK50index10.txt;6;6;0.0;VNS_ref_MultiAlgConstWCK_Multi_LSindex10.txt;AlgConstGRASP_POindex30.txt;6;5;0.6;VNS_ref_MultiAlgConstWCK_Multi_LSindex10.txt;AlgConstGRASP_PRindex50.txt;6;8;0.75;VNS_ref_MultiAlgConstWCK_Multi_LSindex10.txt;VNS_ref_MultiAlgConstGRASP_POindex30.txt;6;5;0.6;VNS_ref_MultiAlgConstWCK_Multi_LSindex10.txt;VNS_ref_MultiAlgConstGRASP_PRindex50.txt;6;8;0.75;
/X-n233-k16; WCK50index11.txt;AlgConstGRASP_POindex31.txt;6;17;1.0; WCK50index11.txt;AlgConstGRASP_PRindex51.txt;6;16;1.0; WCK50index11.txt;VNS_ref_MultiAlgConstGRASP_POindex31.txt;6;17;1.0; WCK50index11.txt;VNS_ref_MultiAlgConstGRASP_PRindex51.txt;6;16;1.0; WCK50index11.txt;VNS_ref_MultiAlgConstWCK_Multi_LSindex11.txt;6;6;0.0;AlgConstGRASP_POindex31.txt; WCK50index11.txt;17;6;0.0;AlgConstGRASP_POindex31.txt;AlgConstGRASP_PRindex51.txt;17;16;0.875;AlgConstGRASP_POindex31.txt;VNS_ref_MultiAlgConstGRASP_POindex31.txt;17;17;0.0;AlgConstGRASP_POindex31.txt;VNS_ref_MultiAlgConstGRASP_PRindex51.txt;17;16;0.875;AlgConstGRASP_POindex31.txt;VNS_ref_MultiAlgConstWCK_Multi_LSindex11.txt;17;6;0.0;AlgConstGRASP_PRindex51.txt; WCK50index11.txt;16;6;0.0;AlgConstGRASP_PRindex51.txt;AlgConstGRASP_POindex31.txt;16;17;0.058823529411764705;AlgConstGRASP_PRindex51.txt;VNS_ref_MultiAlgConstGRASP_POindex31.txt;16;17;0.058823529411764705;AlgConstGRASP_PRindex51.txt;VNS_ref_MultiAlgConstGRASP_PRindex51.txt;16;16;0.0;AlgConstGRASP_PRindex51.txt;VNS_ref_MultiAlgConstWCK_Multi_LSindex11.txt;16;6;0.0;VNS_ref_MultiAlgConstGRASP_POindex31.txt; WCK50index11.txt;17;6;0.0;VNS_ref_MultiAlgConstGRASP_POindex31.txt;AlgConstGRASP_POindex31.txt;17;17;0.0;VNS_ref_MultiAlgConstGRASP_POindex31.txt;AlgConstGRASP_PRindex51.txt;17;16;0.875;VNS_ref_MultiAlgConstGRASP_POindex31.txt;VNS_ref_MultiAlgConstGRASP_PRindex51.txt;17;16;0.875;VNS_ref_MultiAlgConstGRASP_POindex31.txt;VNS_ref_MultiAlgConstWCK_Multi_LSindex11.txt;17;6;0.0;VNS_ref_MultiAlgConstGRASP_PRindex51.txt; WCK50index11.txt;16;6;0.0;VNS_ref_MultiAlgConstGRASP_PRindex51.txt;AlgConstGRASP_POindex31.txt;16;17;0.058823529411764705;VNS_ref_MultiAlgConstGRASP_PRindex51.txt;AlgConstGRASP_PRindex51.txt;16;16;0.0;VNS_ref_MultiAlgConstGRASP_PRindex51.txt;VNS_ref_MultiAlgConstGRASP_POindex31.txt;16;17;0.058823529411764705;VNS_ref_MultiAlgConstGRASP_PRindex51.txt;VNS_ref_MultiAlgConstWCK_Multi_LSindex11.txt;16;6;0.0;VNS_ref_MultiAlgConstWCK_Multi_LSindex11.txt; WCK50index11.txt;6;6;0.0;VNS_ref_MultiAlgConstWCK_Multi_LSindex11.txt;AlgConstGRASP_POindex31.txt;6;17;1.0;VNS_ref_MultiAlgConstWCK_Multi_LSindex11.txt;AlgConstGRASP_PRindex51.txt;6;16;1.0;VNS_ref_MultiAlgConstWCK_Multi_LSindex11.txt;VNS_ref_MultiAlgConstGRASP_POindex31.txt;6;17;1.0;VNS_ref_MultiAlgConstWCK_Multi_LSindex11.txt;VNS_ref_MultiAlgConstGRASP_PRindex51.txt;6;16;1.0;
/X-n294-k50; WCK50index12.txt;AlgConstGRASP_POindex32.txt;12;9;1.0; WCK50index12.txt;AlgConstGRASP_PRindex52.txt;12;5;1.0; WCK50index12.txt;VNS_ref_MultiAlgConstGRASP_POindex32.txt;12;9;1.0; WCK50index12.txt;VNS_ref_MultiAlgConstGRASP_PRindex52.txt;12;5;1.0; WCK50index12.txt;VNS_ref_MultiAlgConstWCK_Multi_LSindex12.txt;12;12;0.0;AlgConstGRASP_POindex32.txt; WCK50index12.txt;9;12;0.0;AlgConstGRASP_POindex32.txt;AlgConstGRASP_PRindex52.txt;9;5;0.2;AlgConstGRASP_POindex32.txt;VNS_ref_MultiAlgConstGRASP_POindex32.txt;9;9;0.0;AlgConstGRASP_POindex32.txt;VNS_ref_MultiAlgConstGRASP_PRindex52.txt;9;5;0.2;AlgConstGRASP_POindex32.txt;VNS_ref_MultiAlgConstWCK_Multi_LSindex12.txt;9;12;0.0;AlgConstGRASP_PRindex52.txt; WCK50index12.txt;5;12;0.0;AlgConstGRASP_PRindex52.txt;AlgConstGRASP_POindex32.txt;5;9;0.8888888888888888;AlgConstGRASP_PRindex52.txt;VNS_ref_MultiAlgConstGRASP_POindex32.txt;5;9;0.8888888888888888;AlgConstGRASP_PRindex52.txt;VNS_ref_MultiAlgConstGRASP_PRindex52.txt;5;5;0.0;AlgConstGRASP_PRindex52.txt;VNS_ref_MultiAlgConstWCK_Multi_LSindex12.txt;5;12;0.0;VNS_ref_MultiAlgConstGRASP_POindex32.txt; WCK50index12.txt;9;12;0.0;VNS_ref_MultiAlgConstGRASP_POindex32.txt;AlgConstGRASP_POindex32.txt;9;9;0.0;VNS_ref_MultiAlgConstGRASP_POindex32.txt;AlgConstGRASP_PRindex52.txt;9;5;0.2;VNS_ref_MultiAlgConstGRASP_POindex32.txt;VNS_ref_MultiAlgConstGRASP_PRindex52.txt;9;5;0.2;VNS_ref_MultiAlgConstGRASP_POindex32.txt;VNS_ref_MultiAlgConstWCK_Multi_LSindex12.txt;9;12;0.0;VNS_ref_MultiAlgConstGRASP_PRindex52.txt; WCK50index12.txt;5;12;0.0;VNS_ref_MultiAlgConstGRASP_PRindex52.txt;AlgConstGRASP_POindex32.txt;5;9;0.8888888888888888;VNS_ref_MultiAlgConstGRASP_PRindex52.txt;AlgConstGRASP_PRindex52.txt;5;5;0.0;VNS_ref_MultiAlgConstGRASP_PRindex52.txt;VNS_ref_MultiAlgConstGRASP_POindex32.txt;5;9;0.8888888888888888;VNS_ref_MultiAlgConstGRASP_PRindex52.txt;VNS_ref_MultiAlgConstWCK_Multi_LSindex12.txt;5;12;0.0;VNS_ref_MultiAlgConstWCK_Multi_LSindex12.txt; WCK50index12.txt;12;12;0.0;VNS_ref_MultiAlgConstWCK_Multi_LSindex12.txt;AlgConstGRASP_POindex32.txt;12;9;1.0;VNS_ref_MultiAlgConstWCK_Multi_LSindex12.txt;AlgConstGRASP_PRindex52.txt;12;5;1.0;VNS_ref_MultiAlgConstWCK_Multi_LSindex12.txt;VNS_ref_MultiAlgConstGRASP_POindex32.txt;12;9;1.0;VNS_ref_MultiAlgConstWCK_Multi_LSindex12.txt;VNS_ref_MultiAlgConstGRASP_PRindex52.txt;12;5;1.0;
/X-n303-k21; WCK50index13.txt;AlgConstGRASP_POindex33.txt;6;11;1.0; WCK50index13.txt;AlgConstGRASP_PRindex53.txt;6;15;0.9333333333333333; WCK50index13.txt;VNS_ref_MultiAlgConstGRASP_POindex33.txt;6;11;1.0; WCK50index13.txt;VNS_ref_MultiAlgConstGRASP_PRindex53.txt;6;15;0.9333333333333333; WCK50index13.txt;VNS_ref_MultiAlgConstWCK_Multi_LSindex13.txt;6;6;0.0;AlgConstGRASP_POindex33.txt; WCK50index13.txt;11;6;0.0;AlgConstGRASP_POindex33.txt;AlgConstGRASP_PRindex53.txt;11;15;0.6;AlgConstGRASP_POindex33.txt;VNS_ref_MultiAlgConstGRASP_POindex33.txt;11;11;0.0;AlgConstGRASP_POindex33.txt;VNS_ref_MultiAlgConstGRASP_PRindex53.txt;11;15;0.6;AlgConstGRASP_POindex33.txt;VNS_ref_MultiAlgConstWCK_Multi_LSindex13.txt;11;6;0.0;AlgConstGRASP_PRindex53.txt; WCK50index13.txt;15;6;0.0;AlgConstGRASP_PRindex53.txt;AlgConstGRASP_POindex33.txt;15;11;0.2727272727272727;AlgConstGRASP_PRindex53.txt;VNS_ref_MultiAlgConstGRASP_POindex33.txt;15;11;0.2727272727272727;AlgConstGRASP_PRindex53.txt;VNS_ref_MultiAlgConstGRASP_PRindex53.txt;15;15;0.0;AlgConstGRASP_PRindex53.txt;VNS_ref_MultiAlgConstWCK_Multi_LSindex13.txt;15;6;0.0;VNS_ref_MultiAlgConstGRASP_POindex33.txt; WCK50index13.txt;11;6;0.0;VNS_ref_MultiAlgConstGRASP_POindex33.txt;AlgConstGRASP_POindex33.txt;11;11;0.0;VNS_ref_MultiAlgConstGRASP_POindex33.txt;AlgConstGRASP_PRindex53.txt;11;15;0.6;VNS_ref_MultiAlgConstGRASP_POindex33.txt;VNS_ref_MultiAlgConstGRASP_PRindex53.txt;11;15;0.6;VNS_ref_MultiAlgConstGRASP_POindex33.txt;VNS_ref_MultiAlgConstWCK_Multi_LSindex13.txt;11;6;0.0;VNS_ref_MultiAlgConstGRASP_PRindex53.txt; WCK50index13.txt;15;6;0.0;VNS_ref_MultiAlgConstGRASP_PRindex53.txt;AlgConstGRASP_POindex33.txt;15;11;0.2727272727272727;VNS_ref_MultiAlgConstGRASP_PRindex53.txt;AlgConstGRASP_PRindex53.txt;15;15;0.0;VNS_ref_MultiAlgConstGRASP_PRindex53.txt;VNS_ref_MultiAlgConstGRASP_POindex33.txt;15;11;0.2727272727272727;VNS_ref_MultiAlgConstGRASP_PRindex53.txt;VNS_ref_MultiAlgConstWCK_Multi_LSindex13.txt;15;6;0.0;VNS_ref_MultiAlgConstWCK_Multi_LSindex13.txt; WCK50index13.txt;6;6;0.0;VNS_ref_MultiAlgConstWCK_Multi_LSindex13.txt;AlgConstGRASP_POindex33.txt;6;11;1.0;VNS_ref_MultiAlgConstWCK_Multi_LSindex13.txt;AlgConstGRASP_PRindex53.txt;6;15;0.9333333333333333;VNS_ref_MultiAlgConstWCK_Multi_LSindex13.txt;VNS_ref_MultiAlgConstGRASP_POindex33.txt;6;11;1.0;VNS_ref_MultiAlgConstWCK_Multi_LSindex13.txt;VNS_ref_MultiAlgConstGRASP_PRindex53.txt;6;15;0.9333333333333333;
/X-n384-k52; WCK50index14.txt;AlgConstGRASP_POindex34.txt;3;3;1.0; WCK50index14.txt;AlgConstGRASP_PRindex54.txt;3;2;1.0; WCK50index14.txt;VNS_ref_MultiAlgConstGRASP_POindex34.txt;3;3;1.0; WCK50index14.txt;VNS_ref_MultiAlgConstGRASP_PRindex54.txt;3;2;1.0; WCK50index14.txt;VNS_ref_MultiAlgConstWCK_Multi_LSindex14.txt;3;3;0.0;AlgConstGRASP_POindex34.txt; WCK50index14.txt;3;3;0.0;AlgConstGRASP_POindex34.txt;AlgConstGRASP_PRindex54.txt;3;2;0.0;AlgConstGRASP_POindex34.txt;VNS_ref_MultiAlgConstGRASP_POindex34.txt;3;3;0.0;AlgConstGRASP_POindex34.txt;VNS_ref_MultiAlgConstGRASP_PRindex54.txt;3;2;0.0;AlgConstGRASP_POindex34.txt;VNS_ref_MultiAlgConstWCK_Multi_LSindex14.txt;3;3;0.0;AlgConstGRASP_PRindex54.txt; WCK50index14.txt;2;3;0.0;AlgConstGRASP_PRindex54.txt;AlgConstGRASP_POindex34.txt;2;3;1.0;AlgConstGRASP_PRindex54.txt;VNS_ref_MultiAlgConstGRASP_POindex34.txt;2;3;1.0;AlgConstGRASP_PRindex54.txt;VNS_ref_MultiAlgConstGRASP_PRindex54.txt;2;2;0.0;AlgConstGRASP_PRindex54.txt;VNS_ref_MultiAlgConstWCK_Multi_LSindex14.txt;2;3;0.0;VNS_ref_MultiAlgConstGRASP_POindex34.txt; WCK50index14.txt;3;3;0.0;VNS_ref_MultiAlgConstGRASP_POindex34.txt;AlgConstGRASP_POindex34.txt;3;3;0.0;VNS_ref_MultiAlgConstGRASP_POindex34.txt;AlgConstGRASP_PRindex54.txt;3;2;0.0;VNS_ref_MultiAlgConstGRASP_POindex34.txt;VNS_ref_MultiAlgConstGRASP_PRindex54.txt;3;2;0.0;VNS_ref_MultiAlgConstGRASP_POindex34.txt;VNS_ref_MultiAlgConstWCK_Multi_LSindex14.txt;3;3;0.0;VNS_ref_MultiAlgConstGRASP_PRindex54.txt; WCK50index14.txt;2;3;0.0;VNS_ref_MultiAlgConstGRASP_PRindex54.txt;AlgConstGRASP_POindex34.txt;2;3;1.0;VNS_ref_MultiAlgConstGRASP_PRindex54.txt;AlgConstGRASP_PRindex54.txt;2;2;0.0;VNS_ref_MultiAlgConstGRASP_PRindex54.txt;VNS_ref_MultiAlgConstGRASP_POindex34.txt;2;3;1.0;VNS_ref_MultiAlgConstGRASP_PRindex54.txt;VNS_ref_MultiAlgConstWCK_Multi_LSindex14.txt;2;3;0.0;VNS_ref_MultiAlgConstWCK_Multi_LSindex14.txt; WCK50index14.txt;3;3;0.0;VNS_ref_MultiAlgConstWCK_Multi_LSindex14.txt;AlgConstGRASP_POindex34.txt;3;3;1.0;VNS_ref_MultiAlgConstWCK_Multi_LSindex14.txt;AlgConstGRASP_PRindex54.txt;3;2;1.0;VNS_ref_MultiAlgConstWCK_Multi_LSindex14.txt;VNS_ref_MultiAlgConstGRASP_POindex34.txt;3;3;1.0;VNS_ref_MultiAlgConstWCK_Multi_LSindex14.txt;VNS_ref_MultiAlgConstGRASP_PRindex54.txt;3;2;1.0;
/X-n449-k29; WCK50index15.txt;AlgConstGRASP_POindex35.txt;14;8;0.75; WCK50index15.txt;AlgConstGRASP_PRindex55.txt;14;13;1.0; WCK50index15.txt;VNS_ref_MultiAlgConstGRASP_POindex35.txt;14;8;0.75; WCK50index15.txt;VNS_ref_MultiAlgConstGRASP_PRindex55.txt;14;13;1.0; WCK50index15.txt;VNS_ref_MultiAlgConstWCK_Multi_LSindex15.txt;14;16;0.0;AlgConstGRASP_POindex35.txt; WCK50index15.txt;8;14;0.0;AlgConstGRASP_POindex35.txt;AlgConstGRASP_PRindex55.txt;8;13;0.3076923076923077;AlgConstGRASP_POindex35.txt;VNS_ref_MultiAlgConstGRASP_POindex35.txt;8;8;0.0;AlgConstGRASP_POindex35.txt;VNS_ref_MultiAlgConstGRASP_PRindex55.txt;8;13;0.3076923076923077;AlgConstGRASP_POindex35.txt;VNS_ref_MultiAlgConstWCK_Multi_LSindex15.txt;8;16;0.0;AlgConstGRASP_PRindex55.txt; WCK50index15.txt;13;14;0.0;AlgConstGRASP_PRindex55.txt;AlgConstGRASP_POindex35.txt;13;8;0.5;AlgConstGRASP_PRindex55.txt;VNS_ref_MultiAlgConstGRASP_POindex35.txt;13;8;0.5;AlgConstGRASP_PRindex55.txt;VNS_ref_MultiAlgConstGRASP_PRindex55.txt;13;13;0.0;AlgConstGRASP_PRindex55.txt;VNS_ref_MultiAlgConstWCK_Multi_LSindex15.txt;13;16;0.0;VNS_ref_MultiAlgConstGRASP_POindex35.txt; WCK50index15.txt;8;14;0.0;VNS_ref_MultiAlgConstGRASP_POindex35.txt;AlgConstGRASP_POindex35.txt;8;8;0.0;VNS_ref_MultiAlgConstGRASP_POindex35.txt;AlgConstGRASP_PRindex55.txt;8;13;0.3076923076923077;VNS_ref_MultiAlgConstGRASP_POindex35.txt;VNS_ref_MultiAlgConstGRASP_PRindex55.txt;8;13;0.3076923076923077;VNS_ref_MultiAlgConstGRASP_POindex35.txt;VNS_ref_MultiAlgConstWCK_Multi_LSindex15.txt;8;16;0.0;VNS_ref_MultiAlgConstGRASP_PRindex55.txt; WCK50index15.txt;13;14;0.0;VNS_ref_MultiAlgConstGRASP_PRindex55.txt;AlgConstGRASP_POindex35.txt;13;8;0.5;VNS_ref_MultiAlgConstGRASP_PRindex55.txt;AlgConstGRASP_PRindex55.txt;13;13;0.0;VNS_ref_MultiAlgConstGRASP_PRindex55.txt;VNS_ref_MultiAlgConstGRASP_POindex35.txt;13;8;0.5;VNS_ref_MultiAlgConstGRASP_PRindex55.txt;VNS_ref_MultiAlgConstWCK_Multi_LSindex15.txt;13;16;0.0;VNS_ref_MultiAlgConstWCK_Multi_LSindex15.txt; WCK50index15.txt;16;14;0.0;VNS_ref_MultiAlgConstWCK_Multi_LSindex15.txt;AlgConstGRASP_POindex35.txt;16;8;0.75;VNS_ref_MultiAlgConstWCK_Multi_LSindex15.txt;AlgConstGRASP_PRindex55.txt;16;13;1.0;VNS_ref_MultiAlgConstWCK_Multi_LSindex15.txt;VNS_ref_MultiAlgConstGRASP_POindex35.txt;16;8;0.75;VNS_ref_MultiAlgConstWCK_Multi_LSindex15.txt;VNS_ref_MultiAlgConstGRASP_PRindex55.txt;16;13;1.0;
/X-n655-k131; WCK50index16.txt;AlgConstGRASP_POindex36.txt;6;6;1.0; WCK50index16.txt;AlgConstGRASP_PRindex56.txt;6;5;1.0; WCK50index16.txt;VNS_ref_MultiAlgConstGRASP_POindex36.txt;6;6;1.0; WCK50index16.txt;VNS_ref_MultiAlgConstGRASP_PRindex56.txt;6;5;1.0; WCK50index16.txt;VNS_ref_MultiAlgConstWCK_Multi_LSindex16.txt;6;6;0.0;AlgConstGRASP_POindex36.txt; WCK50index16.txt;6;6;0.0;AlgConstGRASP_POindex36.txt;AlgConstGRASP_PRindex56.txt;6;5;0.6;AlgConstGRASP_POindex36.txt;VNS_ref_MultiAlgConstGRASP_POindex36.txt;6;6;0.0;AlgConstGRASP_POindex36.txt;VNS_ref_MultiAlgConstGRASP_PRindex56.txt;6;5;0.6;AlgConstGRASP_POindex36.txt;VNS_ref_MultiAlgConstWCK_Multi_LSindex16.txt;6;6;0.0;AlgConstGRASP_PRindex56.txt; WCK50index16.txt;5;6;0.0;AlgConstGRASP_PRindex56.txt;AlgConstGRASP_POindex36.txt;5;6;0.0;AlgConstGRASP_PRindex56.txt;VNS_ref_MultiAlgConstGRASP_POindex36.txt;5;6;0.0;AlgConstGRASP_PRindex56.txt;VNS_ref_MultiAlgConstGRASP_PRindex56.txt;5;5;0.0;AlgConstGRASP_PRindex56.txt;VNS_ref_MultiAlgConstWCK_Multi_LSindex16.txt;5;6;0.0;VNS_ref_MultiAlgConstGRASP_POindex36.txt; WCK50index16.txt;6;6;0.0;VNS_ref_MultiAlgConstGRASP_POindex36.txt;AlgConstGRASP_POindex36.txt;6;6;0.0;VNS_ref_MultiAlgConstGRASP_POindex36.txt;AlgConstGRASP_PRindex56.txt;6;5;0.6;VNS_ref_MultiAlgConstGRASP_POindex36.txt;VNS_ref_MultiAlgConstGRASP_PRindex56.txt;6;5;0.6;VNS_ref_MultiAlgConstGRASP_POindex36.txt;VNS_ref_MultiAlgConstWCK_Multi_LSindex16.txt;6;6;0.0;VNS_ref_MultiAlgConstGRASP_PRindex56.txt; WCK50index16.txt;5;6;0.0;VNS_ref_MultiAlgConstGRASP_PRindex56.txt;AlgConstGRASP_POindex36.txt;5;6;0.0;VNS_ref_MultiAlgConstGRASP_PRindex56.txt;AlgConstGRASP_PRindex56.txt;5;5;0.0;VNS_ref_MultiAlgConstGRASP_PRindex56.txt;VNS_ref_MultiAlgConstGRASP_POindex36.txt;5;6;0.0;VNS_ref_MultiAlgConstGRASP_PRindex56.txt;VNS_ref_MultiAlgConstWCK_Multi_LSindex16.txt;5;6;0.0;VNS_ref_MultiAlgConstWCK_Multi_LSindex16.txt; WCK50index16.txt;6;6;0.0;VNS_ref_MultiAlgConstWCK_Multi_LSindex16.txt;AlgConstGRASP_POindex36.txt;6;6;1.0;VNS_ref_MultiAlgConstWCK_Multi_LSindex16.txt;AlgConstGRASP_PRindex56.txt;6;5;1.0;VNS_ref_MultiAlgConstWCK_Multi_LSindex16.txt;VNS_ref_MultiAlgConstGRASP_POindex36.txt;6;6;1.0;VNS_ref_MultiAlgConstWCK_Multi_LSindex16.txt;VNS_ref_MultiAlgConstGRASP_PRindex56.txt;6;5;1.0;
/X-n701-k44; WCK50index17.txt;AlgConstGRASP_POindex37.txt;8;15;1.0; WCK50index17.txt;AlgConstGRASP_PRindex57.txt;8;7;1.0; WCK50index17.txt;VNS_ref_MultiAlgConstGRASP_POindex37.txt;8;15;1.0; WCK50index17.txt;VNS_ref_MultiAlgConstGRASP_PRindex57.txt;8;7;1.0; WCK50index17.txt;VNS_ref_MultiAlgConstWCK_Multi_LSindex17.txt;8;8;0.0;AlgConstGRASP_POindex37.txt; WCK50index17.txt;15;8;0.0;AlgConstGRASP_POindex37.txt;AlgConstGRASP_PRindex57.txt;15;7;0.5714285714285714;AlgConstGRASP_POindex37.txt;VNS_ref_MultiAlgConstGRASP_POindex37.txt;15;15;0.0;AlgConstGRASP_POindex37.txt;VNS_ref_MultiAlgConstGRASP_PRindex57.txt;15;7;0.5714285714285714;AlgConstGRASP_POindex37.txt;VNS_ref_MultiAlgConstWCK_Multi_LSindex17.txt;15;8;0.0;AlgConstGRASP_PRindex57.txt; WCK50index17.txt;7;8;0.0;AlgConstGRASP_PRindex57.txt;AlgConstGRASP_POindex37.txt;7;15;0.3333333333333333;AlgConstGRASP_PRindex57.txt;VNS_ref_MultiAlgConstGRASP_POindex37.txt;7;15;0.3333333333333333;AlgConstGRASP_PRindex57.txt;VNS_ref_MultiAlgConstGRASP_PRindex57.txt;7;7;0.0;AlgConstGRASP_PRindex57.txt;VNS_ref_MultiAlgConstWCK_Multi_LSindex17.txt;7;8;0.0;VNS_ref_MultiAlgConstGRASP_POindex37.txt; WCK50index17.txt;15;8;0.0;VNS_ref_MultiAlgConstGRASP_POindex37.txt;AlgConstGRASP_POindex37.txt;15;15;0.0;VNS_ref_MultiAlgConstGRASP_POindex37.txt;AlgConstGRASP_PRindex57.txt;15;7;0.5714285714285714;VNS_ref_MultiAlgConstGRASP_POindex37.txt;VNS_ref_MultiAlgConstGRASP_PRindex57.txt;15;7;0.5714285714285714;VNS_ref_MultiAlgConstGRASP_POindex37.txt;VNS_ref_MultiAlgConstWCK_Multi_LSindex17.txt;15;8;0.0;VNS_ref_MultiAlgConstGRASP_PRindex57.txt; WCK50index17.txt;7;8;0.0;VNS_ref_MultiAlgConstGRASP_PRindex57.txt;AlgConstGRASP_POindex37.txt;7;15;0.3333333333333333;VNS_ref_MultiAlgConstGRASP_PRindex57.txt;AlgConstGRASP_PRindex57.txt;7;7;0.0;VNS_ref_MultiAlgConstGRASP_PRindex57.txt;VNS_ref_MultiAlgConstGRASP_POindex37.txt;7;15;0.3333333333333333;VNS_ref_MultiAlgConstGRASP_PRindex57.txt;VNS_ref_MultiAlgConstWCK_Multi_LSindex17.txt;7;8;0.0;VNS_ref_MultiAlgConstWCK_Multi_LSindex17.txt; WCK50index17.txt;8;8;0.0;VNS_ref_MultiAlgConstWCK_Multi_LSindex17.txt;AlgConstGRASP_POindex37.txt;8;15;1.0;VNS_ref_MultiAlgConstWCK_Multi_LSindex17.txt;AlgConstGRASP_PRindex57.txt;8;7;1.0;VNS_ref_MultiAlgConstWCK_Multi_LSindex17.txt;VNS_ref_MultiAlgConstGRASP_POindex37.txt;8;15;1.0;VNS_ref_MultiAlgConstWCK_Multi_LSindex17.txt;VNS_ref_MultiAlgConstGRASP_PRindex57.txt;8;7;1.0;
/X-n733-k159; WCK50index18.txt;AlgConstGRASP_POindex38.txt;5;4;1.0; WCK50index18.txt;AlgConstGRASP_PRindex58.txt;5;3;1.0; WCK50index18.txt;VNS_ref_MultiAlgConstGRASP_POindex38.txt;5;4;1.0; WCK50index18.txt;VNS_ref_MultiAlgConstGRASP_PRindex58.txt;5;3;1.0; WCK50index18.txt;VNS_ref_MultiAlgConstWCK_Multi_LSindex18.txt;5;5;0.0;AlgConstGRASP_POindex38.txt; WCK50index18.txt;4;5;0.0;AlgConstGRASP_POindex38.txt;AlgConstGRASP_PRindex58.txt;4;3;0.0;AlgConstGRASP_POindex38.txt;VNS_ref_MultiAlgConstGRASP_POindex38.txt;4;4;0.0;AlgConstGRASP_POindex38.txt;VNS_ref_MultiAlgConstGRASP_PRindex58.txt;4;3;0.0;AlgConstGRASP_POindex38.txt;VNS_ref_MultiAlgConstWCK_Multi_LSindex18.txt;4;5;0.0;AlgConstGRASP_PRindex58.txt; WCK50index18.txt;3;5;0.0;AlgConstGRASP_PRindex58.txt;AlgConstGRASP_POindex38.txt;3;4;0.75;AlgConstGRASP_PRindex58.txt;VNS_ref_MultiAlgConstGRASP_POindex38.txt;3;4;0.75;AlgConstGRASP_PRindex58.txt;VNS_ref_MultiAlgConstGRASP_PRindex58.txt;3;3;0.0;AlgConstGRASP_PRindex58.txt;VNS_ref_MultiAlgConstWCK_Multi_LSindex18.txt;3;5;0.0;VNS_ref_MultiAlgConstGRASP_POindex38.txt; WCK50index18.txt;4;5;0.0;VNS_ref_MultiAlgConstGRASP_POindex38.txt;AlgConstGRASP_POindex38.txt;4;4;0.0;VNS_ref_MultiAlgConstGRASP_POindex38.txt;AlgConstGRASP_PRindex58.txt;4;3;0.0;VNS_ref_MultiAlgConstGRASP_POindex38.txt;VNS_ref_MultiAlgConstGRASP_PRindex58.txt;4;3;0.0;VNS_ref_MultiAlgConstGRASP_POindex38.txt;VNS_ref_MultiAlgConstWCK_Multi_LSindex18.txt;4;5;0.0;VNS_ref_MultiAlgConstGRASP_PRindex58.txt; WCK50index18.txt;3;5;0.0;VNS_ref_MultiAlgConstGRASP_PRindex58.txt;AlgConstGRASP_POindex38.txt;3;4;0.75;VNS_ref_MultiAlgConstGRASP_PRindex58.txt;AlgConstGRASP_PRindex58.txt;3;3;0.0;VNS_ref_MultiAlgConstGRASP_PRindex58.txt;VNS_ref_MultiAlgConstGRASP_POindex38.txt;3;4;0.75;VNS_ref_MultiAlgConstGRASP_PRindex58.txt;VNS_ref_MultiAlgConstWCK_Multi_LSindex18.txt;3;5;0.0;VNS_ref_MultiAlgConstWCK_Multi_LSindex18.txt; WCK50index18.txt;5;5;0.0;VNS_ref_MultiAlgConstWCK_Multi_LSindex18.txt;AlgConstGRASP_POindex38.txt;5;4;1.0;VNS_ref_MultiAlgConstWCK_Multi_LSindex18.txt;AlgConstGRASP_PRindex58.txt;5;3;1.0;VNS_ref_MultiAlgConstWCK_Multi_LSindex18.txt;VNS_ref_MultiAlgConstGRASP_POindex38.txt;5;4;1.0;VNS_ref_MultiAlgConstWCK_Multi_LSindex18.txt;VNS_ref_MultiAlgConstGRASP_PRindex58.txt;5;3;1.0;
/X-n895-k37; WCK50index19.txt;AlgConstGRASP_POindex39.txt;14;17;0.8823529411764706; WCK50index19.txt;AlgConstGRASP_PRindex59.txt;14;13;0.7692307692307693; WCK50index19.txt;VNS_ref_MultiAlgConstGRASP_POindex39.txt;14;17;0.8823529411764706; WCK50index19.txt;VNS_ref_MultiAlgConstGRASP_PRindex59.txt;14;13;0.7692307692307693; WCK50index19.txt;VNS_ref_MultiAlgConstWCK_Multi_LSindex19.txt;14;14;0.0;AlgConstGRASP_POindex39.txt; WCK50index19.txt;17;14;0.21428571428571427;AlgConstGRASP_POindex39.txt;AlgConstGRASP_PRindex59.txt;17;13;0.0;AlgConstGRASP_POindex39.txt;VNS_ref_MultiAlgConstGRASP_POindex39.txt;17;17;0.0;AlgConstGRASP_POindex39.txt;VNS_ref_MultiAlgConstGRASP_PRindex59.txt;17;13;0.0;AlgConstGRASP_POindex39.txt;VNS_ref_MultiAlgConstWCK_Multi_LSindex19.txt;17;14;0.21428571428571427;AlgConstGRASP_PRindex59.txt; WCK50index19.txt;13;14;0.21428571428571427;AlgConstGRASP_PRindex59.txt;AlgConstGRASP_POindex39.txt;13;17;1.0;AlgConstGRASP_PRindex59.txt;VNS_ref_MultiAlgConstGRASP_POindex39.txt;13;17;1.0;AlgConstGRASP_PRindex59.txt;VNS_ref_MultiAlgConstGRASP_PRindex59.txt;13;13;0.0;AlgConstGRASP_PRindex59.txt;VNS_ref_MultiAlgConstWCK_Multi_LSindex19.txt;13;14;0.21428571428571427;VNS_ref_MultiAlgConstGRASP_POindex39.txt; WCK50index19.txt;17;14;0.21428571428571427;VNS_ref_MultiAlgConstGRASP_POindex39.txt;AlgConstGRASP_POindex39.txt;17;17;0.0;VNS_ref_MultiAlgConstGRASP_POindex39.txt;AlgConstGRASP_PRindex59.txt;17;13;0.0;VNS_ref_MultiAlgConstGRASP_POindex39.txt;VNS_ref_MultiAlgConstGRASP_PRindex59.txt;17;13;0.0;VNS_ref_MultiAlgConstGRASP_POindex39.txt;VNS_ref_MultiAlgConstWCK_Multi_LSindex19.txt;17;14;0.21428571428571427;VNS_ref_MultiAlgConstGRASP_PRindex59.txt; WCK50index19.txt;13;14;0.21428571428571427;VNS_ref_MultiAlgConstGRASP_PRindex59.txt;AlgConstGRASP_POindex39.txt;13;17;1.0;VNS_ref_MultiAlgConstGRASP_PRindex59.txt;AlgConstGRASP_PRindex59.txt;13;13;0.0;VNS_ref_MultiAlgConstGRASP_PRindex59.txt;VNS_ref_MultiAlgConstGRASP_POindex39.txt;13;17;1.0;VNS_ref_MultiAlgConstGRASP_PRindex59.txt;VNS_ref_MultiAlgConstWCK_Multi_LSindex19.txt;13;14;0.21428571428571427;VNS_ref_MultiAlgConstWCK_Multi_LSindex19.txt; WCK50index19.txt;14;14;0.0;VNS_ref_MultiAlgConstWCK_Multi_LSindex19.txt;AlgConstGRASP_POindex39.txt;14;17;0.8823529411764706;VNS_ref_MultiAlgConstWCK_Multi_LSindex19.txt;AlgConstGRASP_PRindex59.txt;14;13;0.7692307692307693;VNS_ref_MultiAlgConstWCK_Multi_LSindex19.txt;VNS_ref_MultiAlgConstGRASP_POindex39.txt;14;17;0.8823529411764706;VNS_ref_MultiAlgConstWCK_Multi_LSindex19.txt;VNS_ref_MultiAlgConstGRASP_PRindex59.txt;14;13;0.7692307692307693;
